EsdCode,EsdName,DistrictCode,SchoolCode,DistrictName,SchoolName,Subject,IndexAll,IndexAmericanIndian,IndexAsian,IndexBlack,IndexHispanic,IndexWhite,IndexPacificIslander,IndexTwoOrMoreRaces,IndexSpecialEd,IndexLtdEnglish,IndexLowIncome,MetTargetAll,MetTargetAmericanIndian,MetTargetAsian,MetTargetBlack,MetTargetHispanic,MetTargetWhite,MetTargetPacificIslander,MetTargetTwoOrMoreRaces,MetTargetSpecialEd,MetTargetLtdEnglish,MetTargetLowIncome
17801,Puget Sound Educational Service District 121,27010,4283,Tacoma School District,Pearl Street Center,Reading,,,,,,,,,,,,N/A,N/A,N/A,N/A,N/A,N/A,N/A,N/A,N/A,N/A,N/A
17801,Puget Sound Educational Service District 121,27010,4575,Tacoma School District,Angelo Giaudrone Middle School,Math,-46.8,-39.4,,-57.9,-42.4,-33,-38.7,-9.7,,-82.8,-52.1,No,N<Required,No,No,No,No,N<Required,N<Required,No,N<Required,No
17801,Puget Sound Educational Service District 121,27010,4575,Tacoma School District,Angelo Giaudrone Middle School,Reading,-44.5,-23.1,,-53,-40.3,-33.5,-37.5,-17.3,,-88.8,-48.9,No,N<Required,No,No,No,No,N<Required,N<Required,No,N<Required,No
17801,Puget Sound Educational Service District 121,27010,2940,Tacoma School District,Arlington,Math,-42.3,,-26.1,-27.1,-29.3,,-58.6,-42.6,-64.1,-49.1,-42.4,No,N<Required,N<Required,N<Required,N<Required,No,N<Required,N<Required,N<Required,N<Required,No
17801,Puget Sound Educational Service District 121,27010,2940,Tacoma School District,Arlington,Reading,-51.2,,-11.9,-54.8,-41.7,,-71.9,,-70.7,-54.4,-55.7,No,N<Required,N<Required,N<Required,N<Required,No,N<Required,N<Required,N<Required,N<Required,No
17801,Puget Sound Educational Service District 121,27010,3054,Tacoma School District,Baker,Math,-60.2,-55.9,-26,-64.6,-66.7,-47.3,,,,-70.3,-65.1,No,N<Required,No,No,No,No,No,No,No,No,No
17801,Puget Sound Educational Service District 121,27010,3054,Tacoma School District,Baker,Reading,-52.1,-55.9,-19,-52.3,-57.2,-41.6,,,,-65.9,-58,No,N<Required,No,No,No,No,No,No,No,No,No
17801,Puget Sound Educational Service District 121,27010,3449,Tacoma School District,Birney,Math,-51.1,,-7.9,-36.9,,,-66.6,-3.2,,-63,-48.4,No,N/A,N<Required,No,No,No,N<Required,N<Required,No,N<Required,No
17801,Puget Sound Educational Service District 121,27010,3449,Tacoma School District,Birney,Reading,-49.6,,-0.8,-36.8,,,-18.2,0,,-70.9,-50.2,No,N/A,N<Required,No,No,No,N<Required,N<Required,No,N<Required,No
17801,Puget Sound Educational Service District 121,27010,2094,Tacoma School District,Blix Elementary,Math,-63,,-19.6,-49,-69.6,-43.5,-29.9,,-52.3,,-66.7,No,N<Required,N<Required,No,No,No,N<Required,N<Required,No,No,No
17801,Puget Sound Educational Service District 121,27010,2094,Tacoma School District,Blix Elementary,Reading,-61.1,,-24.3,-35.7,,-43.5,-29.9,,-55.5,,-61.7,No,N<Required,N<Required,No,No,No,N<Required,N<Required,No,No,No
17801,Puget Sound Educational Service District 121,27010,3646,Tacoma School District,Boze,Math,-45.1,-24.5,,-40.2,-45.3,,-20,,,-53.7,-48.9,No,N<Required,No,No,No,No,N<Required,N<Required,N<Required,No,No
17801,Puget Sound Educational Service District 121,27010,3646,Tacoma School District,Boze,Reading,-46.2,,,,-48,,-20,,-87.4,,-49.4,No,N<Required,No,No,No,No,N<Required,N<Required,N<Required,No,No
17801,Puget Sound Educational Service District 121,27010,2872,Tacoma School District,Browns Point,Math,-17.4,0,0,-3.3,0,-15.4,-33.3,,,0,-22.3,No,N<Required,N<Required,N<Required,N<Required,No,N<Required,N<Required,No,N<Required,No
17801,Puget Sound Educational Service District 121,27010,2872,Tacoma School District,Browns Point,Reading,-20.4,-50,0,-4,-33.2,-16.2,0,-50,,,-21.4,No,N<Required,N<Required,N<Required,N<Required,No,N<Required,N<Required,No,N<Required,No
17801,Puget Sound Educational Service District 121,27010,3397,Tacoma School District,Bryant,Math,-36.4,-75,-23,,-17.6,-24.9,,-20.9,,,-43.6,No,N<Required,N<Required,No,N<Required,No,N<Required,N<Required,No,N<Required,No
17801,Puget Sound Educational Service District 121,27010,3397,Tacoma School District,Bryant,Reading,-33.1,-50,-7.6,,-41.7,-23.1,0,-34.3,,-50,-36.5,No,N<Required,N<Required,No,N<Required,No,N<Required,N<Required,No,N<Required,No
17801,Puget Sound Educational Service District 121,27010,4537,Tacoma School District,Crescent Heights,Math,-27.8,0,0,-15,,-25.3,0,0,-42.5,-68.7,-40,No,N<Required,N<Required,N<Required,No,No,N<Required,N<Required,N<Required,N<Required,No
17801,Puget Sound Educational Service District 121,27010,4537,Tacoma School District,Crescent Heights,Reading,-26,0,0,-19.4,,-21.1,-1.3,0,-35.4,-80.7,-42.2,No,N<Required,N<Required,N<Required,No,No,N<Required,N<Required,N<Required,N<Required,No
17801,Puget Sound Educational Service District 121,27010,1797,Tacoma School District,Day Reporting School,Math,,,,,,,,,,,,N/A,N/A,N/A,N/A,N/A,N/A,N/A,N/A,N/A,N/A,N/A
17801,Puget Sound Educational Service District 121,27010,1797,Tacoma School District,Day Reporting School,Reading,,,,,,,,,,,,N/A,N/A,N/A,N/A,N/A,N/A,N/A,N/A,N/A,N/A,N/A
17801,Puget Sound Educational Service District 121,27010,2939,Tacoma School District,Delong,Math,-43.3,-50,-0.4,,-49.3,-31.1,-50,,,-32.3,-50.2,No,N<Required,N<Required,No,N<Required,No,N<Required,N<Required,No,N<Required,No
17801,Puget Sound Educational Service District 121,27010,2939,Tacoma School District,Delong,Reading,-36.1,,0,-47,-16.1,-23.8,-25,,,-31.4,-40.8,No,N<Required,N<Required,No,N<Required,No,N<Required,N<Required,No,N<Required,No
17801,Puget Sound Educational Service District 121,27010,2747,Tacoma School District,Downing,Math,-9.1,0,0,-8.4,0,,,0,-44.4,,-21,No,N<Required,N<Required,N<Required,N<Required,No,N/A,N/A,N<Required,N<Required,No
17801,Puget Sound Educational Service District 121,27010,2747,Tacoma School District,Downing,Reading,-17,0,0,-27,-25,,,0,-40.4,,-27,No,N<Required,N<Required,N<Required,N<Required,No,N/A,N/A,N<Required,N<Required,No
17801,Puget Sound Educational Service District 121,27010,2871,Tacoma School District,Edison,Math,-55.5,,0,-59.5,-53.5,-43.4,-22.2,-50.6,,-53.9,-55.9,No,N<Required,N<Required,No,No,No,N<Required,N<Required,No,No,No
17801,Puget Sound Educational Service District 121,27010,2871,Tacoma School District,Edison,Reading,-47.2,,-14.1,-48.4,-32.8,-33.6,0,-24.1,,-53.8,-45.7,No,N<Required,N<Required,No,No,No,N<Required,N<Required,No,No,No
17801,Puget Sound Educational Service District 121,27010,2772,Tacoma School District,Fawcett,Math,-35.9,-2.4,-2.1,-17.6,-32,-25.2,-19.6,-42.8,-60.1,-45.5,-43.8,No,N<Required,N<Required,N<Required,No,No,N<Required,N<Required,No,N<Required,No
17801,Puget Sound Educational Service District 121,27010,2772,Tacoma School District,Fawcett,Reading,-41.8,-75,-18.8,-58,-33.3,-24.7,-19.6,-28.5,,-59.2,-49.3,No,N<Required,N<Required,N<Required,No,No,N<Required,N<Required,No,N<Required,No
17801,Puget Sound Educational Service District 121,27010,2167,Tacoma School District,Fern Hill,Math,-33.5,,-11.2,-0.5,-40.2,-12.3,-62.5,-22.2,-73.9,,-35.8,No,N/A,N<Required,N<Required,No,No,N<Required,N<Required,N<Required,No,No
17801,Puget Sound Educational Service District 121,27010,2167,Tacoma School District,Fern Hill,Reading,-28.3,,-6.3,-17.6,-29.1,-10.2,-62.5,-22.2,-73.9,,-32.4,No,N/A,N<Required,N<Required,No,No,N<Required,N<Required,N<Required,No,No
17801,Puget Sound Educational Service District 121,27010,5170,Tacoma School District,First Creek Middle School,Math,-63.9,-9.9,-36.8,-65,-68.3,-50,,-50.6,,-79.7,-66.8,No,N<Required,No,No,No,No,No,No,No,No,No
17801,Puget Sound Educational Service District 121,27010,5170,Tacoma School District,First Creek Middle School,Reading,-59.6,-9.9,-38.2,-62.6,-63.3,-36.9,,-24.2,,,-62.5,No,N<Required,No,No,No,No,No,No,No,No,No
17801,Puget Sound Educational Service District 121,27010,3880,Tacoma School District,Foss,Math,,,,,,,,,-87.8,,,No,N<Required,N<Required,No,No,No,N<Required,N<Required,N<Required,N<Required,No
17801,Puget Sound Educational Service District 121,27010,3880,Tacoma School District,Foss,Reading,,,,,,,,,,,,No,N<Required,N<Required,No,No,No,N<Required,N<Required,N<Required,N<Required,No
17801,Puget Sound Educational Service District 121,27010,2148,Tacoma School District,Franklin,Math,-42,,0,-34.5,-24.2,,,-20.9,-80.9,,-46.7,No,N<Required,N<Required,No,N<Required,No,N<Required,N<Required,N<Required,N<Required,No
17801,Puget Sound Educational Service District 121,27010,2148,Tacoma School District,Franklin,Reading,-53.4,,-80,-34.9,-28.8,,,-63.6,,,-52.9,No,N<Required,N<Required,No,N<Required,No,N<Required,N<Required,N<Required,N<Required,No
17801,Puget Sound Educational Service District 121,27010,5307,Tacoma School District,Fresh Start,Math,-75,,,,0,,,,,,,N<Required,N/A,N/A,N<Required,N<Required,N<Required,N/A,N/A,N<Required,N/A,N<Required
17801,Puget Sound Educational Service District 121,27010,5307,Tacoma School District,Fresh Start,Reading,-30,,,-3.2,0,-31.6,,0,0,,-8.9,N<Required,N/A,N/A,N<Required,N<Required,N<Required,N/A,N/A,N<Required,N/A,N<Required
17801,Puget Sound Educational Service District 121,27010,2746,Tacoma School District,Geiger,Math,-45.6,,-4.5,-40,-34.5,-30.4,,-54.6,-78.8,-60.2,-56.4,No,N<Required,N<Required,N<Required,N<Required,No,N<Required,N<Required,N<Required,N<Required,No
17801,Puget Sound Educational Service District 121,27010,2746,Tacoma School District,Geiger,Reading,-35.9,,-3.7,-21.6,-28.6,-23.3,,-33.3,-78.8,-58.3,-37.9,No,N<Required,N<Required,N<Required,N<Required,No,N<Required,N<Required,N<Required,N<Required,No
17801,Puget Sound Educational Service District 121,27010,5327,Tacoma School District,Goodwill GED,Math,,,,,,,,,,,,N/A,N/A,N/A,N/A,N/A,N/A,N/A,N/A,N/A,N/A,N/A
17801,Puget Sound Educational Service District 121,27010,5327,Tacoma School District,Goodwill GED,Reading,,,,,,,,,,,,N/A,N/A,N/A,N/A,N/A,N/A,N/A,N/A,N/A,N/A,N/A
17801,Puget Sound Educational Service District 121,27010,3053,Tacoma School District,Grant,Math,-44,,0,-35.3,-11.9,-39.8,-66.6,,-52.2,,-45.2,No,N<Required,N<Required,N<Required,N<Required,No,N<Required,N<Required,N<Required,N<Required,No
17801,Puget Sound Educational Service District 121,27010,3053,Tacoma School District,Grant,Reading,-37.4,0,0,-37.4,-26.1,-30.8,,,-75.9,,-33.4,No,N<Required,N<Required,N<Required,N<Required,No,N<Required,N<Required,N<Required,N<Required,No
17801,Puget Sound Educational Service District 121,27010,2377,Tacoma School District,Gray,Math,-61.1,-75,-15.3,-63.7,-60.7,-50.7,,-10.5,,-65.5,-64.3,No,N<Required,No,No,No,No,No,No,No,No,No
17801,Puget Sound Educational Service District 121,27010,2377,Tacoma School District,Gray,Reading,-50.9,-25,-9.9,-51.6,-51.4,-40.7,,-8.7,,-68.2,-55.8,No,N<Required,No,No,No,No,No,No,No,No,No
17801,Puget Sound Educational Service District 121,27010,5066,Tacoma School District,Helen B. Stafford Elementary,Math,-29.9,,-10,-30.3,-28.7,-0.3,-21.4,-2,-64.8,-50.4,-33.6,No,N<Required,No,N<Required,No,No,N<Required,N<Required,N<Required,No,No
17801,Puget Sound Educational Service District 121,27010,5066,Tacoma School District,Helen B. Stafford Elementary,Reading,-35.3,,-15.8,-59.2,-29.2,-0.5,-21.4,-9.5,-64.8,-56.5,-36.9,No,N<Required,No,N<Required,No,No,N<Required,N<Required,N<Required,No,No
17801,Puget Sound Educational Service District 121,27010,2338,Tacoma School District,Jason Lee,Math,-61.9,-77.7,-30.5,-76.8,-50.3,-40.3,,-76.7,,,-74.4,No,N<Required,N<Required,No,No,No,N<Required,N<Required,No,N<Required,No
17801,Puget Sound Educational Service District 121,27010,2338,Tacoma School District,Jason Lee,Reading,-55,-45.5,-19.9,-64.8,-36.9,-38.3,-60.5,-69.2,,,-65.9,No,N<Required,N<Required,No,No,No,N<Required,N<Required,No,N<Required,No
17801,Puget Sound Educational Service District 121,27010,2103,Tacoma School District,Jefferson,Math,-32.5,,0,,-8.1,-26,,0,,,-35.6,No,N<Required,N<Required,No,N<Required,No,N/A,N/A,N<Required,N<Required,No
17801,Puget Sound Educational Service District 121,27010,2103,Tacoma School District,Jefferson,Reading,-30.4,,0,,-8.1,-21,,0,-59.6,,-35.6,No,N<Required,N<Required,No,N<Required,No,N/A,N/A,N<Required,N<Required,No
17801,Puget Sound Educational Service District 121,27010,2036,Tacoma School District,Larchmont,Math,-54.4,-33.3,-26,,-46.1,-34.9,,0,,,-56.3,No,N<Required,N<Required,No,No,No,N<Required,N<Required,No,No,No
17801,Puget Sound Educational Service District 121,27010,2036,Tacoma School District,Larchmont,Reading,-49.7,0,-42.1,,-43.5,-24.5,-58.5,0,,-65.7,-50,No,N<Required,N<Required,No,No,No,N<Required,N<Required,No,No,No
17801,Puget Sound Educational Service District 121,27010,2215,Tacoma School District,Lincoln,Math,,,-74.7,,,,-75,,,,-91,No,N<Required,No,No,No,No,N<Required,N<Required,No,N<Required,No
17801,Puget Sound Educational Service District 121,27010,2215,Tacoma School District,Lincoln,Reading,-72.1,0,-64.4,-71.9,-74.9,-55.7,-39.4,-36.2,,,-71.8,No,N<Required,No,No,No,No,N<Required,N<Required,No,N<Required,No
17801,Puget Sound Educational Service District 121,27010,2771,Tacoma School District,Lister,Math,-57.6,,-29.3,,,,-74.8,-75,,-69.4,-60.5,No,N<Required,No,No,No,No,N<Required,N<Required,No,No,No
17801,Puget Sound Educational Service District 121,27010,2771,Tacoma School District,Lister,Reading,-56.7,-50,-31,-61.3,,,-74.8,-38.7,,,-61,No,N<Required,No,No,No,No,N<Required,N<Required,No,No,No
17801,Puget Sound Educational Service District 121,27010,2805,Tacoma School District,Lowell,Math,-10.5,-50,0,-15.8,0,,-50,0,-40.9,-75,,No,N<Required,N<Required,N<Required,N<Required,No,N<Required,N<Required,N<Required,N<Required,No
17801,Puget Sound Educational Service District 121,27010,2805,Tacoma School District,Lowell,Reading,-8.8,0,0,-4.7,0,-5.2,-50,0,-52.1,-75,,No,N<Required,N<Required,N<Required,N<Required,No,N<Required,N<Required,N<Required,N<Required,No
17801,Puget Sound Educational Service District 121,27010,2336,Tacoma School District,Lyon,Math,-57.8,0,-25.8,-86.5,-42.6,-37.1,-66.6,,-46.9,-73.8,-59.1,No,N<Required,N<Required,N<Required,No,No,N<Required,N<Required,N<Required,N<Required,No
17801,Puget Sound Educational Service District 121,27010,2336,Tacoma School District,Lyon,Reading,-56.9,0,-31.9,-60,-43.9,-36.4,,,-56.5,-73.8,-60.4,No,N<Required,N<Required,N<Required,No,No,N<Required,N<Required,N<Required,N<Required,No
17801,Puget Sound Educational Service District 121,27010,2252,Tacoma School District,Manitou Park,Math,-61,-66.6,0,-76.8,-58.1,-39.9,-37.9,-46.1,,-47.6,-65.5,No,N<Required,N<Required,No,No,No,N<Required,N<Required,No,No,No
17801,Puget Sound Educational Service District 121,27010,2252,Tacoma School District,Manitou Park,Reading,-61.4,,0,-67.4,-55.7,-40.4,-29.6,-46.5,,-60.5,-64.8,No,N<Required,N<Required,No,No,No,N<Required,N<Required,No,No,No
17801,Puget Sound Educational Service District 121,27010,2941,Tacoma School District,Mann,Math,-53.5,-75,-13.2,-54.4,,-43.5,-42.8,-44.2,,,-56,No,N<Required,N<Required,No,No,No,N<Required,N<Required,No,N<Required,No
17801,Puget Sound Educational Service District 121,27010,2941,Tacoma School District,Mann,Reading,-47.9,-75,-0.9,-56.2,,-35.8,-42.8,-34.2,,-58.5,-52.9,No,N<Required,N<Required,No,No,No,N<Required,N<Required,No,N<Required,No
17801,Puget Sound Educational Service District 121,27010,2376,Tacoma School District,Mason,Math,-36.7,-25,,-53.3,-37.7,-29.4,0,-15.3,-81.3,0,-52.4,No,N<Required,No,No,No,No,N<Required,N<Required,No,N<Required,No
17801,Puget Sound Educational Service District 121,27010,2376,Tacoma School District,Mason,Reading,-27.5,-25,,-40.5,-23.9,-21.3,0,-0.6,-74.6,0,-40.4,No,N<Required,Yes,No,No,No,N<Required,N<Required,No,N<Required,No
17801,Puget Sound Educational Service District 121,27010,3453,Tacoma School District,McCarver,Math,-61.2,,-45.4,-65.4,-46.1,,,-70.9,-86.7,-21.2,-62.5,No,N<Required,N<Required,No,N<Required,No,N<Required,N<Required,N<Required,N<Required,No
17801,Puget Sound Educational Service District 121,27010,3453,Tacoma School District,McCarver,Reading,-52.9,,-54.3,-57.3,-40.6,,-50,-20.1,-79.7,-21.2,-53.6,No,N<Required,N<Required,No,N<Required,No,N<Required,N<Required,N<Required,N<Required,No
17801,Puget Sound Educational Service District 121,27010,3244,Tacoma School District,Meeker,Math,-44.8,-60,-12.3,-55.6,,-38.7,-16.3,-34.2,,-51.6,-59.6,No,N<Required,No,No,No,No,N<Required,N<Required,No,N<Required,No
17801,Puget Sound Educational Service District 121,27010,3244,Tacoma School District,Meeker,Reading,-29.9,-29.8,-3.6,-42.9,,-22.3,-16.3,-7.9,-61.6,,-42.4,No,N<Required,No,No,No,No,N<Required,N<Required,No,N<Required,No
17801,Puget Sound Educational Service District 121,27010,3398,Tacoma School District,Mt Tahoma,Math,,,-78.5,-88.3,,,-76.8,,,-86.3,-91.3,No,N<Required,No,No,No,No,N<Required,N<Required,No,N<Required,No
17801,Puget Sound Educational Service District 121,27010,3398,Tacoma School District,Mt Tahoma,Reading,-77.7,-54.8,-59.9,-71.7,-75.8,-78,-63.9,-54.7,,,-75.5,No,N<Required,No,No,No,No,N<Required,N<Required,No,N<Required,No
17801,Puget Sound Educational Service District 121,27010,2247,Tacoma School District,Northeast Tacoma,Math,-27.7,-39.6,0,-23.9,-22.7,-7.4,,-0.8,-39.6,-42.4,-33.9,No,N<Required,N<Required,N<Required,N<Required,No,N<Required,N<Required,N<Required,N<Required,No
17801,Puget Sound Educational Service District 121,27010,2247,Tacoma School District,Northeast Tacoma,Reading,-28,0,0,-18.5,-22.7,-16.8,-24.5,0,-50.1,-36.2,-27.8,No,N<Required,N<Required,N<Required,N<Required,No,N<Required,N<Required,N<Required,N<Required,No
17801,Puget Sound Educational Service District 121,27010,4109,Tacoma School District,Oakland High School,Math,,,,-75,,,,,,,,No,N<Required,N<Required,N<Required,N<Required,N<Required,N<Required,N<Required,N<Required,N<Required,No
17801,Puget Sound Educational Service District 121,27010,4109,Tacoma School District,Oakland High School,Reading,-80.3,,,-49.6,,-78.3,,,,,-80.4,No,N<Required,N<Required,N<Required,N<Required,N<Required,N<Required,N<Required,N<Required,N<Required,No
17801,Puget Sound Educational Service District 121,27010,4283,Tacoma School District,Pearl Street Center,Math,,,,,,,,,,,,N/A,N/A,N/A,N/A,N/A,N/A,N/A,N/A,N/A,N/A,N/A
17801,Puget Sound Educational Service District 121,27010,2169,Tacoma School District,Point Defiance,Math,-22.4,0,0,-5.9,-11.4,-20.7,-33.3,,-59.8,-44.7,-34.4,No,N<Required,N<Required,N<Required,N<Required,No,N<Required,N<Required,N<Required,N<Required,No
17801,Puget Sound Educational Service District 121,27010,2169,Tacoma School District,Point Defiance,Reading,-26.6,0,0,-1.7,-10.3,-24.6,,,-79.1,-84.1,-36.7,No,N<Required,N<Required,N<Required,N<Required,No,N<Required,N<Required,N<Required,N<Required,No
17801,Puget Sound Educational Service District 121,27010,5320,Tacoma School District,Re-engagement Center,Math,,,,,,,,,,,,N<Required,N/A,N/A,N/A,N/A,N<Required,N/A,N/A,N/A,N/A,N<Required
17801,Puget Sound Educational Service District 121,27010,5320,Tacoma School District,Re-engagement Center,Reading,,,,,,,,,,,,N<Required,N/A,N/A,N/A,N/A,N<Required,N/A,N/A,N/A,N/A,N<Required
17801,Puget Sound Educational Service District 121,27010,2806,Tacoma School District,Reed,Math,-48.9,,-13.2,,-38.3,,-50,-21.2,-52.2,,-49,No,N/A,N<Required,No,No,No,N<Required,N<Required,N<Required,No,No
17801,Puget Sound Educational Service District 121,27010,2806,Tacoma School District,Reed,Reading,-58.2,,-28.1,-57.7,-51.4,,-1.3,-21.2,-77.5,,-59.4,No,N/A,N<Required,No,No,No,N<Required,N<Required,N<Required,No,No
17801,Puget Sound Educational Service District 121,27010,2275,Tacoma School District,Roosevelt,Math,-62.9,,0,-63,,,-71.4,,,-69.8,-64.9,No,N<Required,N<Required,N<Required,No,No,N<Required,N<Required,N<Required,N<Required,No
17801,Puget Sound Educational Service District 121,27010,2275,Tacoma School District,Roosevelt,Reading,-58.2,,0,-33.2,,,-71.4,-75,,,-58.5,No,N<Required,N<Required,N<Required,No,No,N<Required,N<Required,N<Required,N<Required,No
17801,Puget Sound Educational Service District 121,27010,5169,Tacoma School District,Science and Math Institute,Math,-44.8,,-19.5,-41.4,-47.8,-37.6,,0,,,-58.1,No,N<Required,N<Required,N<Required,N<Required,No,N<Required,N<Required,N<Required,N<Required,No
17801,Puget Sound Educational Service District 121,27010,5169,Tacoma School District,Science and Math Institute,Reading,-33.3,0,-19.5,-29.8,-21.8,-28,0,0,,,-42.1,No,N<Required,N<Required,N<Required,N<Required,No,N<Required,N<Required,N<Required,N<Required,No
17801,Puget Sound Educational Service District 121,27010,2168,Tacoma School District,Sheridan,Math,-43.1,,,-35.5,-40.7,,-71.4,-12.2,,-51.5,-44.6,No,N<Required,No,No,No,No,N<Required,N<Required,No,No,No
17801,Puget Sound Educational Service District 121,27010,2168,Tacoma School District,Sheridan,Reading,-53.4,0,,-50,-54.3,,-71.4,-24.5,,-79.3,-54.1,No,N<Required,No,No,No,No,N<Required,N<Required,No,No,No
17801,Puget Sound Educational Service District 121,27010,2938,Tacoma School District,Sherman,Math,-23.6,-66.6,0,-33,-9,-17.1,,0,-58.9,,-38,No,N<Required,N<Required,N<Required,N<Required,No,N/A,N/A,N<Required,N<Required,No
17801,Puget Sound Educational Service District 121,27010,2938,Tacoma School District,Sherman,Reading,-36.6,-66.6,-2.4,-16.2,-9,-33.5,,-33.3,-42.8,-39.6,-35,No,N<Required,N<Required,N<Required,N<Required,No,N/A,N/A,N<Required,N<Required,No
17801,Puget Sound Educational Service District 121,27010,3498,Tacoma School District,Skyline,Math,-30.2,,-18.2,-39.4,-13.8,-18.5,,-6.3,-31,-62,-38.5,No,N/A,N<Required,N<Required,N<Required,No,N/A,N/A,No,N<Required,No
17801,Puget Sound Educational Service District 121,27010,3498,Tacoma School District,Skyline,Reading,-28.6,,-1.3,-39.4,0,-20.8,,0,-43.6,-42,-36.2,No,N/A,N<Required,N<Required,N<Required,No,N/A,N/A,No,N<Required,No
17801,Puget Sound Educational Service District 121,27010,5192,Tacoma School District,Special Services,Math,,,,,,,,,,,,N<Required,N/A,N/A,N<Required,N/A,N<Required,N/A,N/A,N<Required,N/A,N<Required
17801,Puget Sound Educational Service District 121,27010,5192,Tacoma School District,Special Services,Reading,,,,,,,,,,,,N<Required,N/A,N/A,N<Required,N/A,N<Required,N/A,N/A,N<Required,N/A,N<Required
17801,Puget Sound Educational Service District 121,27010,2084,Tacoma School District,Stadium,Math,,,-79.8,,,-90.7,,,,,,No,N<Required,No,No,No,No,N<Required,N<Required,N<Required,N<Required,No
17801,Puget Sound Educational Service District 121,27010,2084,Tacoma School District,Stadium,Reading,-88.6,-24.5,-75.3,,-79.8,-87.4,,-73,-88.2,,-84.5,No,N<Required,No,No,No,No,N<Required,N<Required,N<Required,N<Required,No
17801,Puget Sound Educational Service District 121,27010,2358,Tacoma School District,Stanley,Math,-37.5,,-33.3,-40.3,-7.3,,-50,-40,-58.6,-56.8,-40.6,No,N/A,N<Required,No,N<Required,No,N<Required,N<Required,No,N<Required,No
17801,Puget Sound Educational Service District 121,27010,2358,Tacoma School District,Stanley,Reading,-29.9,,0,-25.4,-29.5,,,-40,-45.8,-71.4,-28.2,No,N/A,N<Required,No,N<Required,No,N<Required,N<Required,No,N<Required,No
17801,Puget Sound Educational Service District 121,27010,2359,Tacoma School District,Stewart,Math,-55.3,-36.4,,-59.5,-61.3,-39.2,-24.7,-75,,-68.9,-59.9,No,N<Required,No,No,No,No,N<Required,N<Required,No,N<Required,No
17801,Puget Sound Educational Service District 121,27010,2359,Tacoma School District,Stewart,Reading,-43,-36.4,,-43.4,-45.5,-27.2,-24.7,-75,-72.5,-50.1,-47.9,No,N<Required,No,No,No,No,N<Required,N<Required,No,N<Required,No
17801,Puget Sound Educational Service District 121,27010,1860,Tacoma School District,Tacoma School of the Arts,Math,-63.2,,0,-54.7,-39.3,-60.8,,,,,-68.2,No,N<Required,N<Required,N<Required,N<Required,No,N<Required,N<Required,N<Required,N/A,N<Required
17801,Puget Sound Educational Service District 121,27010,1860,Tacoma School District,Tacoma School of the Arts,Reading,-13.9,0,0,-2.5,0,-10.2,,,,,-9.2,No,N<Required,N<Required,N<Required,N<Required,No,N<Required,N<Required,N<Required,N/A,N<Required
17801,Puget Sound Educational Service District 121,27010,3448,Tacoma School District,Truman,Math,-45.7,-50,,-56,,-39.4,-30,-12.2,-66.8,,-52.5,No,N<Required,No,No,No,No,N<Required,N<Required,No,No,No
17801,Puget Sound Educational Service District 121,27010,3448,Tacoma School District,Truman,Reading,-37.6,-51.6,,-45.1,,-30.8,-30,-50,-66.9,,-47.5,No,N<Required,No,No,No,No,N<Required,N<Required,No,No,No
17801,Puget Sound Educational Service District 121,27010,2083,Tacoma School District,Washington,Math,-17.4,,-0.9,-77.9,-20.8,-9.7,,-25,-58.8,0,-28.6,No,N/A,N<Required,N<Required,N<Required,No,N/A,N/A,N<Required,N<Required,No
17801,Puget Sound Educational Service District 121,27010,2083,Tacoma School District,Washington,Reading,-13.7,,0,-4.9,0,-9.7,,-25,-39.3,0,-11,No,N/A,N<Required,N<Required,N<Required,No,N/A,N/A,N<Required,N<Required,No
17801,Puget Sound Educational Service District 121,27010,2874,Tacoma School District,Whitman,Math,-50.9,,,-51,,-28.1,-43,,-71.5,-34.9,-53.6,No,N<Required,No,No,No,No,N<Required,N<Required,No,No,No
17801,Puget Sound Educational Service District 121,27010,2874,Tacoma School District,Whitman,Reading,-59.4,,,-53.6,,-39.3,-43,,,-51.5,-61.4,No,N<Required,No,No,No,No,N<Required,N<Required,No,No,No
17801,Puget Sound Educational Service District 121,27010,3452,Tacoma School District,Whittier,Math,-31.9,,-0.6,-34.7,-19.6,-18.4,-50,-22.1,-54.1,-40,-42.1,No,N/A,N<Required,No,N<Required,No,N<Required,N<Required,No,N<Required,No
17801,Puget Sound Educational Service District 121,27010,3452,Tacoma School District,Whittier,Reading,-25.4,,-0.6,-27.8,-13.3,-13.3,-50,-0.9,,-40,-32.2,No,N/A,N<Required,No,N<Required,No,N<Required,N<Required,No,N<Required,No
17801,Puget Sound Educational Service District 121,27010,3246,Tacoma School District,Wilson,Math,-83.6,,-57.1,,-75.5,-80.1,,-73,-67.9,-60.2,-83,No,N<Required,N<Required,No,N<Required,No,N<Required,N<Required,N<Required,N<Required,No
17801,Puget Sound Educational Service District 121,27010,3246,Tacoma School District,Wilson,Reading,-51.4,,-31.5,-41.8,-31.5,-49.1,0,-16.3,-84.4,-60.2,-48.1,No,N<Required,N<Required,No,N<Required,No,N<Required,N<Required,N<Required,N<Required,No
34801,Educational Service District 113,14077,5032,Taholah School District,Taholah Elementary & Middle School,Math,,,,,-77.6,,,-90,-86.7,,,No,No,N/A,N/A,N<Required,N/A,N/A,N/A,N<Required,N/A,No
34801,Educational Service District 113,14077,5032,Taholah School District,Taholah Elementary & Middle School,Reading,,,,,-77.6,,,-90,-86.7,,,No,No,N/A,N/A,N<Required,N/A,N/A,N/A,N<Required,N/A,No
34801,Educational Service District 113,14077,3580,Taholah School District,Taholah High School,Math,,,,,,,,,,,,N<Required,N<Required,N/A,N/A,N/A,N<Required,N/A,N/A,N<Required,N/A,N<Required
34801,Educational Service District 113,14077,3580,Taholah School District,Taholah High School,Reading,-34.9,-39.3,,,,,,0,,,-31.6,N<Required,N<Required,N/A,N/A,N/A,N<Required,N/A,N/A,N<Required,N/A,N<Required
17801,Puget Sound Educational Service District 121,17409,3937,Tahoma School District,Cedar River Middle School,Math,-28.6,-60,,-25.1,-33,-25.9,0,-13.8,-66.2,-56.8,-39.4,No,N<Required,Yes,N<Required,No,No,N<Required,N<Required,No,N<Required,No
17801,Puget Sound Educational Service District 121,17409,3937,Tahoma School District,Cedar River Middle School,Reading,-25.4,-41.9,,-1.2,-27.6,-23.4,0,-10.7,-58.7,-57.1,-31.8,No,N<Required,Yes,N<Required,No,No,N<Required,N<Required,No,N<Required,No
17801,Puget Sound Educational Service District 121,17409,4453,Tahoma School District,Glacier Park Elementary,Math,-12.8,0,0,0,,-11.1,0,-1.1,-39.3,-1.3,-22.2,No,N<Required,N<Required,N<Required,No,No,N<Required,N<Required,No,N<Required,No
17801,Puget Sound Educational Service District 121,17409,4453,Tahoma School District,Glacier Park Elementary,Reading,-14.2,0,0,0,,-11.5,0,-4.4,-38,-15.6,-25.5,No,N<Required,N<Required,N<Required,No,No,N<Required,N<Required,No,N<Required,No
17801,Puget Sound Educational Service District 121,17409,3286,Tahoma School District,Lake Wilderness Elementary,Math,-27.1,0,-30.2,-56.8,,-22.6,0,,-49.5,-48.8,-30.2,No,N<Required,N<Required,N<Required,No,No,N<Required,N<Required,No,N<Required,No
17801,Puget Sound Educational Service District 121,17409,3286,Tahoma School District,Lake Wilderness Elementary,Reading,-21.1,0,-20,-56.8,,-15.7,0,,-50.7,-40.8,-20,No,N<Required,N<Required,N<Required,No,No,N<Required,N<Required,No,N<Required,No
17801,Puget Sound Educational Service District 121,17409,4415,Tahoma School District,Rock Creek Elementary,Math,-21.2,,-0.6,-27.4,,-18.4,0,-6.7,-41.5,-12.2,-29.4,No,N/A,N<Required,N<Required,No,No,N<Required,N<Required,No,N<Required,No
17801,Puget Sound Educational Service District 121,17409,4415,Tahoma School District,Rock Creek Elementary,Reading,-19.5,,-0.6,-26.2,,-17.4,0,-5.4,-45.8,-12.2,-29.4,No,N/A,N<Required,N<Required,No,No,N<Required,N<Required,No,N<Required,No
17801,Puget Sound Educational Service District 121,17409,1711,Tahoma School District,Russell Ridge Center,Math,,,,,,-41.8,,,,,-50,No,N/A,N/A,N<Required,N<Required,N<Required,N/A,N/A,N<Required,N/A,N<Required
17801,Puget Sound Educational Service District 121,17409,1711,Tahoma School District,Russell Ridge Center,Reading,,,,,,-26.4,,-66.6,,,-50,No,N/A,N/A,N<Required,N<Required,N<Required,N/A,N/A,N<Required,N/A,N<Required
17801,Puget Sound Educational Service District 121,17409,3589,Tahoma School District,Shadow Lake Elementary,Math,-24.7,,0,-41.9,-33.6,-18,0,-4.7,-32.4,,-32.5,No,N<Required,N<Required,N<Required,No,No,N<Required,N<Required,No,N<Required,No
17801,Puget Sound Educational Service District 121,17409,3589,Tahoma School District,Shadow Lake Elementary,Reading,-22.7,,0,-41.9,-21.2,-16.8,0,-14.5,-42.3,-81.8,-26.2,No,N<Required,N<Required,N<Required,No,No,N<Required,N<Required,No,N<Required,No
17801,Puget Sound Educational Service District 121,17409,4556,Tahoma School District,Tahoma Jr High,Math,-32.5,0,-5.9,-13.9,-41.8,-30.2,0,-17.4,-77.5,,-49.4,No,N<Required,N<Required,N<Required,No,No,N<Required,N<Required,No,N<Required,No
17801,Puget Sound Educational Service District 121,17409,4556,Tahoma School District,Tahoma Jr High,Reading,-22.7,0,-8.6,-13.9,-29.3,-18.8,0,-15.4,-63.2,,-34.7,No,N<Required,N<Required,N<Required,No,No,N<Required,N<Required,No,N<Required,No
17801,Puget Sound Educational Service District 121,17409,3341,Tahoma School District,Tahoma Middle School,Math,,,-8.9,0,,,0,,,,,No,N<Required,N<Required,N<Required,No,No,N<Required,N<Required,No,N<Required,No
17801,Puget Sound Educational Service District 121,17409,3341,Tahoma School District,Tahoma Middle School,Reading,,0,-8.9,0,,,0,,,,,No,N<Required,N<Required,N<Required,No,No,N<Required,N<Required,No,N<Required,No
17801,Puget Sound Educational Service District 121,17409,2849,Tahoma School District,Tahoma Senior High School,Math,-79.4,,-58.2,-75,-86.9,-76.3,-38.3,-82.7,-87.4,,-86,No,N<Required,N<Required,N<Required,No,No,N<Required,N<Required,No,N<Required,No
17801,Puget Sound Educational Service District 121,17409,2849,Tahoma School District,Tahoma Senior High School,Reading,-74.5,,-58.2,-75,-81.2,-71.2,-8.9,-71.8,-81.5,,-78.4,No,N<Required,N<Required,N<Required,No,No,N<Required,N<Required,No,N<Required,No
